Filename, Match
1181768 , Mumbai Indians vs Chennai Super Kings
1181767 , Chennai Super Kings vs Delhi Capitals
1181766 , Delhi Capitals vs Sunrisers Hyderabad
1181764 , Mumbai Indians vs Chennai Super Kings
1178430 , Kings XI Punjab vs Chennai Super Kings
1178431 , Mumbai Indians vs Kolkata Knight Riders
1178428 , Delhi Capitals vs Rajasthan Royals
1178429 , Royal Challengers Bangalore vs Sunrisers Hyderabad
1178427 , Kings XI Punjab vs Kolkata Knight Riders
1178426 , Mumbai Indians vs Sunrisers Hyderabad
1178425 , Chennai Super Kings vs Delhi Capitals
1178424 , Royal Challengers Bangalore vs Rajasthan Royals
1178423 , Sunrisers Hyderabad vs Kings XI Punjab
1178421 , Delhi Capitals vs Royal Challengers Bangalore
1178422 , Kolkata Knight Riders vs Mumbai Indians
1178420 , Rajasthan Royals vs Sunrisers Hyderabad
1178419 , Chennai Super Kings vs Mumbai Indians
1178418 , Kolkata Knight Riders vs Rajasthan Royals
1178417 , Royal Challengers Bangalore vs Kings XI Punjab
1178416 , Chennai Super Kings vs Sunrisers Hyderabad
1178415 , Rajasthan Royals vs Delhi Capitals
1178413 , Sunrisers Hyderabad vs Kolkata Knight Riders
1178414 , Royal Challengers Bangalore vs Chennai Super Kings
1178411 , Rajasthan Royals vs Mumbai Indians
1178412 , Delhi Capitals vs Kings XI Punjab
1178410 , Kolkata Knight Riders vs Royal Challengers Bangalore
1178409 , Delhi Capitals vs Mumbai Indians
1178408 , Sunrisers Hyderabad vs Chennai Super Kings
1178407 , Kings XI Punjab vs Rajasthan Royals
1178406 , Mumbai Indians vs Royal Challengers Bangalore
1178404 , Kolkata Knight Riders vs Chennai Super Kings
1178405 , Sunrisers Hyderabad vs Delhi Capitals
1178402 , Mumbai Indians vs Rajasthan Royals
1178403 , Kings XI Punjab vs Royal Challengers Bangalore
1178401 , Kolkata Knight Riders vs Delhi Capitals
1178400 , Rajasthan Royals vs Chennai Super Kings
1178399 , Mumbai Indians vs Kings XI Punjab
1178398 , Chennai Super Kings vs Kolkata Knight Riders
1178397 , Kings XI Punjab vs Sunrisers Hyderabad
1178395 , Royal Challengers Bangalore vs Delhi Capitals
1178396 , Rajasthan Royals vs Kolkata Knight Riders
1178393 , Chennai Super Kings vs Kings XI Punjab
1178394 , Sunrisers Hyderabad vs Mumbai Indians
1175372 , Royal Challengers Bangalore vs Kolkata Knight Riders
1175371 , Delhi Capitals vs Sunrisers Hyderabad
1175370 , Mumbai Indians vs Chennai Super Kings
1175369 , Rajasthan Royals vs Royal Challengers Bangalore
1175368 , Kings XI Punjab vs Delhi Capitals
1175366 , Sunrisers Hyderabad vs Royal Challengers Bangalore
1175367 , Chennai Super Kings vs Rajasthan Royals
1175364 , Kings XI Punjab vs Mumbai Indians
1175365 , Delhi Capitals vs Kolkata Knight Riders
1175363 , Sunrisers Hyderabad vs Rajasthan Royals
1175362 , Royal Challengers Bangalore vs Mumbai Indians
1175361 , Kolkata Knight Riders vs Kings XI Punjab
1175360 , Delhi Capitals vs Chennai Super Kings
1175359 , Rajasthan Royals vs Kings XI Punjab
1175357 , Kolkata Knight Riders vs Sunrisers Hyderabad
1175358 , Mumbai Indians vs Delhi Capitals
1175356 , Chennai Super Kings vs Royal Challengers Bangalore
1136620 , Chennai Super Kings vs Sunrisers Hyderabad
1136619 , Kolkata Knight Riders vs Sunrisers Hyderabad
1136618 , Kolkata Knight Riders vs Rajasthan Royals
1136617 , Sunrisers Hyderabad vs Chennai Super Kings
1136615 , Delhi Daredevils vs Mumbai Indians
1136616 , Chennai Super Kings vs Kings XI Punjab
1136613 , Rajasthan Royals vs Royal Challengers Bangalore
1136614 , Sunrisers Hyderabad vs Kolkata Knight Riders
1136612 , Delhi Daredevils vs Chennai Super Kings
1136611 , Royal Challengers Bangalore vs Sunrisers Hyderabad
1136610 , Mumbai Indians vs Kings XI Punjab
1136609 , Kolkata Knight Riders vs Rajasthan Royals
1136608 , Kings XI Punjab vs Royal Challengers Bangalore
1136606 , Chennai Super Kings vs Sunrisers Hyderabad
1136607 , Mumbai Indians vs Rajasthan Royals
1136604 , Kings XI Punjab vs Kolkata Knight Riders
1136605 , Delhi Daredevils vs Royal Challengers Bangalore
1136603 , Rajasthan Royals vs Chennai Super Kings
1136602 , Delhi Daredevils vs Sunrisers Hyderabad
1136601 , Kolkata Knight Riders vs Mumbai Indians
1136600 , Rajasthan Royals vs Kings XI Punjab
1136599 , Sunrisers Hyderabad vs Royal Challengers Bangalore
1136597 , Mumbai Indians vs Kolkata Knight Riders
1136598 , Kings XI Punjab vs Rajasthan Royals
1136595 , Chennai Super Kings vs Royal Challengers Bangalore
1136596 , Sunrisers Hyderabad vs Delhi Daredevils
1136594 , Kings XI Punjab vs Mumbai Indians
1136593 , Kolkata Knight Riders vs Chennai Super Kings
1136592 , Delhi Daredevils vs Rajasthan Royals
1136591 , Royal Challengers Bangalore vs Mumbai Indians
1136590 , Chennai Super Kings vs Delhi Daredevils
1136588 , Rajasthan Royals vs Sunrisers Hyderabad
1136589 , Royal Challengers Bangalore vs Kolkata Knight Riders
1136587 , Chennai Super Kings vs Mumbai Indians
1136586 , Delhi Daredevils vs Kolkata Knight Riders
1136585 , Sunrisers Hyderabad vs Kings XI Punjab
1136584 , Royal Challengers Bangalore vs Chennai Super Kings
1136583 , Mumbai Indians vs Sunrisers Hyderabad
1136582 , Delhi Daredevils vs Kings XI Punjab
1136580 , Sunrisers Hyderabad vs Chennai Super Kings
1136581 , Rajasthan Royals vs Mumbai Indians
1136578 , Kolkata Knight Riders vs Kings XI Punjab
1136579 , Royal Challengers Bangalore vs Delhi Daredevils
1136577 , Chennai Super Kings vs Rajasthan Royals
1136576 , Kings XI Punjab vs Sunrisers Hyderabad
1136575 , Rajasthan Royals vs Kolkata Knight Riders
1136574 , Mumbai Indians vs Royal Challengers Bangalore
1136573 , Kolkata Knight Riders vs Delhi Daredevils
1136571 , Royal Challengers Bangalore vs Rajasthan Royals
1136572 , Kings XI Punjab vs Chennai Super Kings
1136569 , Mumbai Indians vs Delhi Daredevils
1136570 , Kolkata Knight Riders vs Sunrisers Hyderabad
1136568 , Royal Challengers Bangalore vs Kings XI Punjab
1136567 , Sunrisers Hyderabad vs Mumbai Indians
1136566 , Rajasthan Royals vs Delhi Daredevils
1136565 , Chennai Super Kings vs Kolkata Knight Riders
1136564 , Sunrisers Hyderabad vs Rajasthan Royals
1136562 , Kings XI Punjab vs Delhi Daredevils
1136563 , Kolkata Knight Riders vs Royal Challengers Bangalore
1136561 , Mumbai Indians vs Chennai Super Kings
1082650 , Mumbai Indians vs Rising Pune Supergiant
1082649 , Mumbai Indians vs Kolkata Knight Riders
1082648 , Sunrisers Hyderabad vs Kolkata Knight Riders
1082647 , Mumbai Indians vs Rising Pune Supergiant
1082645 , Rising Pune Supergiant vs Kings XI Punjab
1082646 , Delhi Daredevils vs Royal Challengers Bangalore
1082643 , Gujarat Lions vs Sunrisers Hyderabad
1082644 , Kolkata Knight Riders vs Mumbai Indians
1082642 , Delhi Daredevils vs Rising Pune Supergiant
1082641 , Mumbai Indians vs Kings XI Punjab
1082640 , Gujarat Lions vs Delhi Daredevils
1082639 , Kings XI Punjab vs Kolkata Knight Riders
1082638 , Sunrisers Hyderabad vs Mumbai Indians
1082636 , Royal Challengers Bangalore vs Kolkata Knight Riders
1082637 , Kings XI Punjab vs Gujarat Lions
1082634 , Sunrisers Hyderabad vs Rising Pune Supergiant
1082635 , Delhi Daredevils vs Mumbai Indians
1082633 , Royal Challengers Bangalore vs Kings XI Punjab
1082632 , Delhi Daredevils vs Gujarat Lions
1082631 , Kolkata Knight Riders vs Rising Pune Supergiant
1082630 , Delhi Daredevils vs Sunrisers Hyderabad
1082628 , Mumbai Indians vs Royal Challengers Bangalore
1082629 , Rising Pune Supergiant vs Gujarat Lions
1082626 , Kings XI Punjab vs Delhi Daredevils
1082627 , Sunrisers Hyderabad vs Kolkata Knight Riders
1082624 , Rising Pune Supergiant vs Royal Challengers Bangalore
1082625 , Gujarat Lions vs Mumbai Indians
1082622 , Kolkata Knight Riders vs Delhi Daredevils
1082623 , Kings XI Punjab vs Sunrisers Hyderabad
1082621 , Royal Challengers Bangalore vs Gujarat Lions
1082620 , Rising Pune Supergiant vs Kolkata Knight Riders
1082618 , Mumbai Indians vs Rising Pune Supergiant
1082616 , Gujarat Lions vs Kings XI Punjab
1082617 , Kolkata Knight Riders vs Royal Challengers Bangalore
1082614 , Mumbai Indians vs Delhi Daredevils
1082615 , Rising Pune Supergiant vs Sunrisers Hyderabad
1082613 , Kolkata Knight Riders vs Gujarat Lions
1082612 , Kings XI Punjab vs Mumbai Indians
1082611 , Sunrisers Hyderabad vs Delhi Daredevils
1082610 , Gujarat Lions vs Royal Challengers Bangalore
1082608 , Delhi Daredevils vs Kolkata Knight Riders
1082609 , Sunrisers Hyderabad vs Kings XI Punjab
1082606 , Mumbai Indians vs Gujarat Lions
1082607 , Royal Challengers Bangalore vs Rising Pune Supergiant
1082604 , Kolkata Knight Riders vs Sunrisers Hyderabad
1082605 , Delhi Daredevils vs Kings XI Punjab
1082602 , Royal Challengers Bangalore vs Mumbai Indians
1082603 , Gujarat Lions vs Rising Pune Supergiant
1082601 , Kolkata Knight Riders vs Kings XI Punjab
1082600 , Mumbai Indians vs Sunrisers Hyderabad
1082599 , Rising Pune Supergiant vs Delhi Daredevils
1082598 , Kings XI Punjab vs Royal Challengers Bangalore
1082596 , Sunrisers Hyderabad vs Gujarat Lions
1082597 , Mumbai Indians vs Kolkata Knight Riders
1082594 , Kings XI Punjab vs Rising Pune Supergiant
1082595 , Royal Challengers Bangalore vs Delhi Daredevils
1082593 , Gujarat Lions vs Kolkata Knight Riders
1082592 , Rising Pune Supergiant vs Mumbai Indians
1082591 , Sunrisers Hyderabad vs Royal Challengers Bangalore
981019 , Royal Challengers Bangalore vs Sunrisers Hyderabad
981017 , Gujarat Lions vs Sunrisers Hyderabad
981015 , Sunrisers Hyderabad vs Kolkata Knight Riders
981013 , Gujarat Lions vs Royal Challengers Bangalore
981009 , Kolkata Knight Riders vs Sunrisers Hyderabad
981011 , Delhi Daredevils vs Royal Challengers Bangalore
981005 , Rising Pune Supergiants vs Kings XI Punjab
981007 , Gujarat Lions vs Mumbai Indians
981003 , Delhi Daredevils vs Sunrisers Hyderabad
981001 , Gujarat Lions vs Kolkata Knight Riders
980999 , Royal Challengers Bangalore vs Kings XI Punjab
980997 , Rising Pune Supergiants vs Delhi Daredevils
980995 , Kolkata Knight Riders vs Royal Challengers Bangalore
980991 , Kings XI Punjab vs Sunrisers Hyderabad
980993 , Mumbai Indians vs Delhi Daredevils
980987 , Royal Challengers Bangalore vs Gujarat Lions
980989 , Kolkata Knight Riders vs Rising Pune Supergiants
980985 , Mumbai Indians vs Kings XI Punjab
980983 , Sunrisers Hyderabad vs Delhi Daredevils
980981 , Royal Challengers Bangalore vs Mumbai Indians
980979 , Rising Pune Supergiants vs Sunrisers Hyderabad
980977 , Kings XI Punjab vs Royal Challengers Bangalore
980973 , Mumbai Indians vs Sunrisers Hyderabad
980975 , Kolkata Knight Riders vs Gujarat Lions
980969 , Royal Challengers Bangalore vs Rising Pune Supergiants
980971 , Kings XI Punjab vs Delhi Daredevils
980967 , Sunrisers Hyderabad vs Gujarat Lions
980965 , Delhi Daredevils vs Rising Pune Supergiants
980963 , Kolkata Knight Riders vs Kings XI Punjab
980961 , Gujarat Lions vs Delhi Daredevils
980959 , Royal Challengers Bangalore vs Kolkata Knight Riders
980955 , Gujarat Lions vs Kings XI Punjab
980957 , Rising Pune Supergiants vs Mumbai Indians
980951 , Delhi Daredevils vs Kolkata Knight Riders
980953 , Sunrisers Hyderabad vs Royal Challengers Bangalore
980949 , Rising Pune Supergiants vs Gujarat Lions
980947 , Mumbai Indians vs Kolkata Knight Riders
980945 , Delhi Daredevils vs Gujarat Lions
980943 , Sunrisers Hyderabad vs Rising Pune Supergiants
980941 , Kings XI Punjab vs Mumbai Indians
980937 , Gujarat Lions vs Royal Challengers Bangalore
980939 , Rising Pune Supergiants vs Kolkata Knight Riders
980933 , Delhi Daredevils vs Mumbai Indians
980935 , Sunrisers Hyderabad vs Kings XI Punjab
980931 , Rising Pune Supergiants vs Royal Challengers Bangalore
980929 , Gujarat Lions vs Sunrisers Hyderabad
980927 , Mumbai Indians vs Royal Challengers Bangalore
980925 , Kings XI Punjab vs Kolkata Knight Riders
980923 , Sunrisers Hyderabad vs Mumbai Indians
980919 , Kings XI Punjab vs Rising Pune Supergiants
980921 , Royal Challengers Bangalore vs Delhi Daredevils
980915 , Sunrisers Hyderabad vs Kolkata Knight Riders
980917 , Mumbai Indians vs Gujarat Lions
980913 , Delhi Daredevils vs Kings XI Punjab
980911 , Gujarat Lions vs Rising Pune Supergiants
980909 , Kolkata Knight Riders vs Mumbai Indians
980907 , Royal Challengers Bangalore vs Sunrisers Hyderabad
980905 , Kings XI Punjab vs Gujarat Lions
980903 , Kolkata Knight Riders vs Delhi Daredevils
980901 , Mumbai Indians vs Rising Pune Supergiants
829823 , Mumbai Indians vs Chennai Super Kings
829821 , Chennai Super Kings vs Royal Challengers Bangalore
829819 , Royal Challengers Bangalore vs Rajasthan Royals
829817 , Chennai Super Kings vs Mumbai Indians
829813 , Royal Challengers Bangalore vs Delhi Daredevils
829815 , Sunrisers Hyderabad vs Mumbai Indians
829809 , Kings XI Punjab vs Chennai Super Kings
829811 , Rajasthan Royals vs Kolkata Knight Riders
829807 , Sunrisers Hyderabad vs Royal Challengers Bangalore
829805 , Mumbai Indians vs Kolkata Knight Riders
829803 , Kings XI Punjab vs Royal Challengers Bangalore
829801 , Delhi Daredevils vs Chennai Super Kings
829799 , Sunrisers Hyderabad vs Kings XI Punjab
829795 , Mumbai Indians vs Royal Challengers Bangalore
829797 , Chennai Super Kings vs Rajasthan Royals
829791 , Kolkata Knight Riders vs Kings XI Punjab
829793 , Delhi Daredevils vs Sunrisers Hyderabad
829789 , Chennai Super Kings vs Mumbai Indians
829761 , Kolkata Knight Riders vs Delhi Daredevils
829787 , Rajasthan Royals vs Sunrisers Hyderabad
829785 , Royal Challengers Bangalore vs Kings XI Punjab
829783 , Mumbai Indians vs Delhi Daredevils
829779 , Chennai Super Kings vs Royal Challengers Bangalore
829781 , Kolkata Knight Riders vs Sunrisers Hyderabad
829775 , Kings XI Punjab vs Mumbai Indians
829777 , Rajasthan Royals vs Delhi Daredevils
829771 , Royal Challengers Bangalore vs Kolkata Knight Riders
829773 , Sunrisers Hyderabad vs Chennai Super Kings
829767 , Delhi Daredevils vs Kings XI Punjab
829769 , Mumbai Indians vs Rajasthan Royals
829723 , Kolkata Knight Riders vs Chennai Super Kings
829763 , Royal Challengers Bangalore vs Rajasthan Royals
829765 , Chennai Super Kings vs Kolkata Knight Riders
829759 , Kings XI Punjab vs Sunrisers Hyderabad
829757 , Delhi Daredevils vs Royal Challengers Bangalore
829751 , Mumbai Indians vs Sunrisers Hyderabad
829753 , Chennai Super Kings vs Kings XI Punjab
829749 , Rajasthan Royals vs Royal Challengers Bangalore
829747 , Delhi Daredevils vs Mumbai Indians
829743 , Sunrisers Hyderabad vs Kolkata Knight Riders
829745 , Royal Challengers Bangalore vs Chennai Super Kings
829741 , Rajasthan Royals vs Kings XI Punjab
829739 , Delhi Daredevils vs Kolkata Knight Riders
829735 , Rajasthan Royals vs Chennai Super Kings
829737 , Royal Challengers Bangalore vs Mumbai Indians
829731 , Sunrisers Hyderabad vs Delhi Daredevils
829733 , Kings XI Punjab vs Kolkata Knight Riders
829729 , Mumbai Indians vs Chennai Super Kings
829727 , Sunrisers Hyderabad vs Rajasthan Royals
829725 , Kings XI Punjab vs Delhi Daredevils
829721 , Rajasthan Royals vs Mumbai Indians
829719 , Royal Challengers Bangalore vs Sunrisers Hyderabad
829715 , Delhi Daredevils vs Rajasthan Royals
829717 , Mumbai Indians vs Kings XI Punjab
829711 , Chennai Super Kings vs Sunrisers Hyderabad
829713 , Kolkata Knight Riders vs Royal Challengers Bangalore
829709 , Kings XI Punjab vs Rajasthan Royals
829707 , Chennai Super Kings vs Delhi Daredevils
829705 , Kolkata Knight Riders vs Mumbai Indians
734049 , Kolkata Knight Riders vs Kings XI Punjab
734047 , Chennai Super Kings vs Kings XI Punjab
734045 , Chennai Super Kings vs Mumbai Indians
734043 , Kings XI Punjab vs Kolkata Knight Riders
734039 , Kings XI Punjab vs Delhi Daredevils
734041 , Mumbai Indians vs Rajasthan Royals
734035 , Royal Challengers Bangalore vs Chennai Super Kings
734037 , Kolkata Knight Riders vs Sunrisers Hyderabad
734031 , Mumbai Indians vs Delhi Daredevils
734033 , Kings XI Punjab vs Rajasthan Royals
734027 , Kolkata Knight Riders vs Royal Challengers Bangalore
734029 , Chennai Super Kings vs Sunrisers Hyderabad
734025 , Kings XI Punjab vs Mumbai Indians
734021 , Sunrisers Hyderabad vs Royal Challengers Bangalore
734023 , Kolkata Knight Riders vs Chennai Super Kings
734017 , Rajasthan Royals vs Mumbai Indians
734019 , Delhi Daredevils vs Kings XI Punjab
734013 , Chennai Super Kings vs Royal Challengers Bangalore
734015 , Sunrisers Hyderabad vs Kolkata Knight Riders
734011 , Rajasthan Royals vs Delhi Daredevils
734007 , Sunrisers Hyderabad vs Kings XI Punjab
734009 , Kolkata Knight Riders vs Mumbai Indians
734003 , Chennai Super Kings vs Rajasthan Royals
734005 , Royal Challengers Bangalore vs Delhi Daredevils
734001 , Sunrisers Hyderabad vs Mumbai Indians
733997 , Kings XI Punjab vs Kolkata Knight Riders
733999 , Royal Challengers Bangalore vs Rajasthan Royals
733993 , Delhi Daredevils vs Sunrisers Hyderabad
733995 , Mumbai Indians vs Chennai Super Kings
733991 , Royal Challengers Bangalore vs Kings XI Punjab
733989 , Rajasthan Royals vs Sunrisers Hyderabad
733985 , Delhi Daredevils vs Kolkata Knight Riders
733987 , Kings XI Punjab vs Chennai Super Kings
733983 , Mumbai Indians vs Royal Challengers Bangalore
733979 , Rajasthan Royals vs Kolkata Knight Riders
733981 , Delhi Daredevils vs Chennai Super Kings
733977 , Royal Challengers Bangalore vs Sunrisers Hyderabad
733973 , Mumbai Indians vs Kings XI Punjab
733975 , Delhi Daredevils vs Rajasthan Royals
733971 , Chennai Super Kings vs Kolkata Knight Riders
729317 , Mumbai Indians vs Sunrisers Hyderabad
729315 , Kolkata Knight Riders vs Rajasthan Royals
729313 , Kings XI Punjab vs Royal Challengers Bangalore
729309 , Delhi Daredevils vs Mumbai Indians
729311 , Sunrisers Hyderabad vs Chennai Super Kings
729305 , Rajasthan Royals vs Royal Challengers Bangalore
729307 , Kolkata Knight Riders vs Kings XI Punjab
729301 , Sunrisers Hyderabad vs Delhi Daredevils
729303 , Chennai Super Kings vs Mumbai Indians
729299 , Royal Challengers Bangalore vs Kolkata Knight Riders
729297 , Rajasthan Royals vs Chennai Super Kings
729295 , Kings XI Punjab vs Sunrisers Hyderabad
729293 , Chennai Super Kings vs Delhi Daredevils
729291 , Rajasthan Royals vs Kings XI Punjab
729287 , Royal Challengers Bangalore vs Mumbai Indians
729289 , Kolkata Knight Riders vs Delhi Daredevils
729283 , Chennai Super Kings vs Kings XI Punjab
729285 , Sunrisers Hyderabad vs Rajasthan Royals
729281 , Delhi Daredevils vs Royal Challengers Bangalore
729279 , Mumbai Indians vs Kolkata Knight Riders
598073 , Chennai Super Kings vs Mumbai Indians
598072 , Mumbai Indians vs Rajasthan Royals
598071 , Rajasthan Royals vs Sunrisers Hyderabad
598070 , Chennai Super Kings vs Mumbai Indians
598067 , Pune Warriors vs Delhi Daredevils
598069 , Sunrisers Hyderabad vs Kolkata Knight Riders
598066 , Kings XI Punjab vs Mumbai Indians
598068 , Royal Challengers Bangalore vs Chennai Super Kings
598065 , Sunrisers Hyderabad vs Rajasthan Royals
598028 , Kings XI Punjab vs Delhi Daredevils
598061 , Kolkata Knight Riders vs Pune Warriors
598063 , Mumbai Indians vs Rajasthan Royals
598045 , Royal Challengers Bangalore vs Kings XI Punjab
598062 , Chennai Super Kings vs Delhi Daredevils
598060 , Mumbai Indians vs Sunrisers Hyderabad
598057 , Kolkata Knight Riders vs Royal Challengers Bangalore
598058 , Rajasthan Royals vs Chennai Super Kings
598055 , Pune Warriors vs Mumbai Indians
598056 , Kings XI Punjab vs Sunrisers Hyderabad
598054 , Delhi Daredevils vs Royal Challengers Bangalore
598052 , Kings XI Punjab vs Rajasthan Royals
598053 , Pune Warriors vs Kolkata Knight Riders
598051 , Sunrisers Hyderabad vs Chennai Super Kings
598049 , Rajasthan Royals vs Delhi Daredevils
598050 , Mumbai Indians vs Kolkata Knight Riders
598064 , Kings XI Punjab vs Royal Challengers Bangalore
598046 , Mumbai Indians vs Chennai Super Kings
598047 , Rajasthan Royals vs Pune Warriors
598044 , Sunrisers Hyderabad vs Delhi Daredevils
598043 , Kolkata Knight Riders vs Rajasthan Royals
598041 , Chennai Super Kings vs Kings XI Punjab
598042 , Pune Warriors vs Royal Challengers Bangalore
598039 , Sunrisers Hyderabad vs Mumbai Indians
598040 , Delhi Daredevils vs Kolkata Knight Riders
598038 , Pune Warriors vs Chennai Super Kings
598036 , Rajasthan Royals vs Royal Challengers Bangalore
598037 , Mumbai Indians vs Kings XI Punjab
598034 , Chennai Super Kings vs Kolkata Knight Riders
598035 , Delhi Daredevils vs Pune Warriors
598032 , Rajasthan Royals vs Sunrisers Hyderabad
598033 , Mumbai Indians vs Royal Challengers Bangalore
598031 , Kolkata Knight Riders vs Kings XI Punjab
598030 , Chennai Super Kings vs Sunrisers Hyderabad
598029 , Kolkata Knight Riders vs Mumbai Indians
598027 , Royal Challengers Bangalore vs Pune Warriors
598059 , Delhi Daredevils vs Kings XI Punjab
598026 , Chennai Super Kings vs Rajasthan Royals
598024 , Delhi Daredevils vs Mumbai Indians
598025 , Kings XI Punjab vs Pune Warriors
598022 , Kolkata Knight Riders vs Chennai Super Kings
598023 , Royal Challengers Bangalore vs Rajasthan Royals
598021 , Sunrisers Hyderabad vs Kings XI Punjab
598020 , Delhi Daredevils vs Chennai Super Kings
598018 , Pune Warriors vs Sunrisers Hyderabad
598019 , Rajasthan Royals vs Mumbai Indians
598016 , Kings XI Punjab vs Kolkata Knight Riders
598017 , Royal Challengers Bangalore vs Delhi Daredevils
598015 , Chennai Super Kings vs Pune Warriors
598013 , Kolkata Knight Riders vs Sunrisers Hyderabad
598014 , Rajasthan Royals vs Kings XI Punjab
598011 , Mumbai Indians vs Pune Warriors
598012 , Chennai Super Kings vs Royal Challengers Bangalore
598010 , Delhi Daredevils vs Sunrisers Hyderabad
598008 , Royal Challengers Bangalore vs Kolkata Knight Riders
598009 , Pune Warriors vs Rajasthan Royals
598007 , Kings XI Punjab vs Chennai Super Kings
598006 , Mumbai Indians vs Delhi Daredevils
598048 , Royal Challengers Bangalore vs Sunrisers Hyderabad
598005 , Rajasthan Royals vs Kolkata Knight Riders
598003 , Pune Warriors vs Kings XI Punjab
598004 , Sunrisers Hyderabad vs Royal Challengers Bangalore
598001 , Delhi Daredevils vs Rajasthan Royals
598002 , Chennai Super Kings vs Mumbai Indians
598000 , Sunrisers Hyderabad vs Pune Warriors
597999 , Royal Challengers Bangalore vs Mumbai Indians
597998 , Kolkata Knight Riders vs Delhi Daredevils
548381 , Kolkata Knight Riders vs Chennai Super Kings
548380 , Delhi Daredevils vs Chennai Super Kings
548379 , Chennai Super Kings vs Mumbai Indians
548378 , Delhi Daredevils vs Kolkata Knight Riders
548376 , Deccan Chargers vs Royal Challengers Bangalore
548377 , Rajasthan Royals vs Mumbai Indians
548374 , Kings XI Punjab vs Delhi Daredevils
548375 , Pune Warriors vs Kolkata Knight Riders
548373 , Deccan Chargers vs Rajasthan Royals
548371 , Kings XI Punjab vs Chennai Super Kings
548372 , Delhi Daredevils vs Royal Challengers Bangalore
548370 , Mumbai Indians vs Kolkata Knight Riders
548369 , Delhi Daredevils vs Kings XI Punjab
548367 , Royal Challengers Bangalore vs Mumbai Indians
548368 , Kolkata Knight Riders vs Chennai Super Kings
548365 , Rajasthan Royals vs Pune Warriors
548366 , Kings XI Punjab vs Deccan Chargers
548363 , Kolkata Knight Riders vs Mumbai Indians
548364 , Chennai Super Kings vs Delhi Daredevils
548362 , Pune Warriors vs Royal Challengers Bangalore
548329 , Deccan Chargers vs Delhi Daredevils
548361 , Rajasthan Royals vs Chennai Super Kings
548360 , Mumbai Indians vs Royal Challengers Bangalore
548358 , Pune Warriors vs Rajasthan Royals
548359 , Deccan Chargers vs Kings XI Punjab
548357 , Delhi Daredevils vs Kolkata Knight Riders
548355 , Mumbai Indians vs Chennai Super Kings
548356 , Royal Challengers Bangalore vs Deccan Chargers
548353 , Kolkata Knight Riders vs Pune Warriors
548354 , Kings XI Punjab vs Rajasthan Royals
548352 , Chennai Super Kings vs Deccan Chargers
548351 , Pune Warriors vs Mumbai Indians
548350 , Royal Challengers Bangalore vs Kings XI Punjab
548348 , Deccan Chargers vs Pune Warriors
548349 , Rajasthan Royals vs Delhi Daredevils
548347 , Chennai Super Kings vs Kolkata Knight Riders
548345 , Delhi Daredevils vs Rajasthan Royals
548346 , Mumbai Indians vs Deccan Chargers
548343 , Chennai Super Kings vs Kings XI Punjab
548344 , Kolkata Knight Riders vs Royal Challengers Bangalore
548342 , Delhi Daredevils vs Mumbai Indians
548341 , Pune Warriors vs Deccan Chargers
548339 , Kings XI Punjab vs Mumbai Indians
548337 , Pune Warriors vs Delhi Daredevils
548336 , Rajasthan Royals vs Royal Challengers Bangalore
548334 , Mumbai Indians vs Kings XI Punjab
548335 , Deccan Chargers vs Kolkata Knight Riders
548332 , Chennai Super Kings vs Rajasthan Royals
548333 , Delhi Daredevils vs Pune Warriors
548331 , Kings XI Punjab vs Royal Challengers Bangalore
548321 , Delhi Daredevils vs Deccan Chargers
548330 , Chennai Super Kings vs Pune Warriors
548328 , Kings XI Punjab vs Kolkata Knight Riders
548326 , Rajasthan Royals vs Deccan Chargers
548327 , Royal Challengers Bangalore vs Pune Warriors
548325 , Mumbai Indians vs Delhi Daredevils
548323 , Kolkata Knight Riders vs Kings XI Punjab
548324 , Royal Challengers Bangalore vs Rajasthan Royals
548322 , Pune Warriors vs Chennai Super Kings
548320 , Kolkata Knight Riders vs Rajasthan Royals
548318 , Chennai Super Kings vs Royal Challengers Bangalore
548319 , Kings XI Punjab vs Pune Warriors
548317 , Mumbai Indians vs Rajasthan Royals
548315 , Royal Challengers Bangalore vs Kolkata Knight Riders
548316 , Delhi Daredevils vs Chennai Super Kings
548314 , Deccan Chargers vs Mumbai Indians
548312 , Rajasthan Royals vs Kolkata Knight Riders
548313 , Pune Warriors vs Kings XI Punjab
548310 , Royal Challengers Bangalore vs Delhi Daredevils
548311 , Deccan Chargers vs Chennai Super Kings
548308 , Mumbai Indians vs Pune Warriors
548309 , Rajasthan Royals vs Kings XI Punjab
548307 , Kolkata Knight Riders vs Delhi Daredevils
548306 , Chennai Super Kings vs Mumbai Indians
501271 , Chennai Super Kings vs Royal Challengers Bangalore
501270 , Royal Challengers Bangalore vs Mumbai Indians
501269 , Mumbai Indians vs Kolkata Knight Riders
501268 , Royal Challengers Bangalore vs Chennai Super Kings
501266 , Royal Challengers Bangalore vs Chennai Super Kings
501267 , Kolkata Knight Riders vs Mumbai Indians
501264 , Kings XI Punjab vs Deccan Chargers
501265 , Delhi Daredevils vs Pune Warriors
501263 , Mumbai Indians vs Rajasthan Royals
501262 , Pune Warriors vs Kolkata Knight Riders
501261 , Chennai Super Kings vs Kochi Tuskers Kerala
501260 , Kings XI Punjab vs Royal Challengers Bangalore
501259 , Pune Warriors vs Deccan Chargers
501257 , Kings XI Punjab vs Delhi Daredevils
501258 , Kochi Tuskers Kerala vs Rajasthan Royals
501255 , Royal Challengers Bangalore vs Kolkata Knight Riders
501256 , Mumbai Indians vs Deccan Chargers
501254 , Kochi Tuskers Kerala vs Kings XI Punjab
501253 , Chennai Super Kings vs Delhi Daredevils
501252 , Rajasthan Royals vs Royal Challengers Bangalore
501250 , Deccan Chargers vs Pune Warriors
501251 , Kings XI Punjab vs Mumbai Indians
501249 , Rajasthan Royals vs Chennai Super Kings
501247 , Royal Challengers Bangalore vs Kochi Tuskers Kerala
501248 , Kings XI Punjab vs Pune Warriors
501245 , Kolkata Knight Riders vs Chennai Super Kings
501246 , Mumbai Indians vs Delhi Daredevils
501244 , Royal Challengers Bangalore vs Kings XI Punjab
501242 , Kochi Tuskers Kerala vs Kolkata Knight Riders
501243 , Deccan Chargers vs Delhi Daredevils
501240 , Chennai Super Kings vs Rajasthan Royals
501241 , Pune Warriors vs Mumbai Indians
501239 , Deccan Chargers vs Kolkata Knight Riders
501237 , Mumbai Indians vs Kings XI Punjab
501238 , Delhi Daredevils vs Kochi Tuskers Kerala
501235 , Rajasthan Royals vs Pune Warriors
501236 , Chennai Super Kings vs Deccan Chargers
501233 , Kochi Tuskers Kerala vs Delhi Daredevils
501234 , Kolkata Knight Riders vs Kings XI Punjab
501231 , Rajasthan Royals vs Mumbai Indians
501232 , Royal Challengers Bangalore vs Pune Warriors
501230 , Delhi Daredevils vs Kolkata Knight Riders
501228 , Pune Warriors vs Chennai Super Kings
501229 , Kochi Tuskers Kerala vs Deccan Chargers
501227 , Delhi Daredevils vs Royal Challengers Bangalore
501226 , Chennai Super Kings vs Pune Warriors
501224 , Deccan Chargers vs Mumbai Indians
501225 , Rajasthan Royals vs Kochi Tuskers Kerala
501223 , Delhi Daredevils vs Kings XI Punjab
501221 , Mumbai Indians vs Chennai Super Kings
501222 , Kolkata Knight Riders vs Royal Challengers Bangalore
501220 , Kings XI Punjab vs Rajasthan Royals
501218 , Mumbai Indians vs Pune Warriors
501219 , Kolkata Knight Riders vs Kochi Tuskers Kerala
501216 , Delhi Daredevils vs Deccan Chargers
501215 , Kochi Tuskers Kerala vs Chennai Super Kings
501213 , Pune Warriors vs Delhi Daredevils
501214 , Kolkata Knight Riders vs Rajasthan Royals
501211 , Chennai Super Kings vs Royal Challengers Bangalore
501212 , Deccan Chargers vs Kings XI Punjab
501209 , Rajasthan Royals vs Kolkata Knight Riders
501210 , Mumbai Indians vs Kochi Tuskers Kerala
501208 , Deccan Chargers vs Royal Challengers Bangalore
501206 , Kings XI Punjab vs Chennai Super Kings
501207 , Pune Warriors vs Kochi Tuskers Kerala
501204 , Rajasthan Royals vs Delhi Daredevils
501205 , Royal Challengers Bangalore vs Mumbai Indians
501203 , Kolkata Knight Riders vs Deccan Chargers
501201 , Delhi Daredevils vs Mumbai Indians
501202 , Pune Warriors vs Kings XI Punjab
501199 , Deccan Chargers vs Rajasthan Royals
501200 , Kochi Tuskers Kerala vs Royal Challengers Bangalore
501198 , Chennai Super Kings vs Kolkata Knight Riders
419165 , Chennai Super Kings vs Mumbai Indians
419164 , Royal Challengers Bangalore vs Deccan Chargers
419163 , Chennai Super Kings vs Deccan Chargers
419162 , Royal Challengers Bangalore vs Mumbai Indians
419161 , Kolkata Knight Riders vs Mumbai Indians
419159 , Kings XI Punjab vs Chennai Super Kings
419160 , Delhi Daredevils vs Deccan Chargers
419157 , Royal Challengers Bangalore vs Mumbai Indians
419158 , Kolkata Knight Riders vs Rajasthan Royals
419156 , Kings XI Punjab vs Deccan Chargers
419155 , Chennai Super Kings vs Delhi Daredevils
419154 , Rajasthan Royals vs Royal Challengers Bangalore
419152 , Mumbai Indians vs Delhi Daredevils
419153 , Chennai Super Kings vs Kolkata Knight Riders
419151 , Deccan Chargers vs Royal Challengers Bangalore
419149 , Delhi Daredevils vs Kings XI Punjab
419150 , Rajasthan Royals vs Mumbai Indians
419147 , Deccan Chargers vs Chennai Super Kings
419148 , Royal Challengers Bangalore vs Kolkata Knight Riders
419146 , Kings XI Punjab vs Mumbai Indians
419145 , Royal Challengers Bangalore vs Deccan Chargers
419143 , Rajasthan Royals vs Kings XI Punjab
419144 , Kolkata Knight Riders vs Delhi Daredevils
419142 , Chennai Super Kings vs Mumbai Indians
419141 , Deccan Chargers vs Rajasthan Royals
419139 , Kolkata Knight Riders vs Kings XI Punjab
419140 , Delhi Daredevils vs Royal Challengers Bangalore
419137 , Chennai Super Kings vs Rajasthan Royals
419138 , Mumbai Indians vs Deccan Chargers
419136 , Kings XI Punjab vs Royal Challengers Bangalore
419135 , Kolkata Knight Riders vs Deccan Chargers
419133 , Chennai Super Kings vs Royal Challengers Bangalore
419134 , Delhi Daredevils vs Rajasthan Royals
419132 , Mumbai Indians vs Kings XI Punjab
419131 , Delhi Daredevils vs Kolkata Knight Riders
419129 , Rajasthan Royals vs Chennai Super Kings
419130 , Deccan Chargers vs Mumbai Indians
419127 , Kings XI Punjab vs Kolkata Knight Riders
419126 , Rajasthan Royals vs Deccan Chargers
419125 , Mumbai Indians vs Chennai Super Kings
419128 , Royal Challengers Bangalore vs Delhi Daredevils
419124 , Kings XI Punjab vs Rajasthan Royals
419123 , Royal Challengers Bangalore vs Chennai Super Kings
419122 , Mumbai Indians vs Kolkata Knight Riders
419120 , Deccan Chargers vs Delhi Daredevils
419121 , Chennai Super Kings vs Kings XI Punjab
419118 , Rajasthan Royals vs Kolkata Knight Riders
419119 , Mumbai Indians vs Royal Challengers Bangalore
419116 , Delhi Daredevils vs Chennai Super Kings
419117 , Deccan Chargers vs Kings XI Punjab
419115 , Royal Challengers Bangalore vs Rajasthan Royals
419114 , Delhi Daredevils vs Mumbai Indians
419112 , Royal Challengers Bangalore vs Kings XI Punjab
419113 , Kolkata Knight Riders vs Chennai Super Kings
419111 , Rajasthan Royals vs Delhi Daredevils
419109 , Kolkata Knight Riders vs Royal Challengers Bangalore
419110 , Chennai Super Kings vs Deccan Chargers
419107 , Mumbai Indians vs Rajasthan Royals
419108 , Kings XI Punjab vs Delhi Daredevils
419106 , Deccan Chargers vs Kolkata Knight Riders
392239 , Royal Challengers Bangalore vs Deccan Chargers
392238 , Royal Challengers Bangalore vs Chennai Super Kings
392237 , Delhi Daredevils vs Deccan Chargers
392235 , Delhi Daredevils vs Mumbai Indians
392236 , Royal Challengers Bangalore vs Deccan Chargers
392233 , Kolkata Knight Riders vs Rajasthan Royals
392234 , Chennai Super Kings vs Kings XI Punjab
392232 , Royal Challengers Bangalore vs Delhi Daredevils
392231 , Chennai Super Kings vs Kolkata Knight Riders
392229 , Deccan Chargers vs Kings XI Punjab
392230 , Delhi Daredevils vs Rajasthan Royals
392227 , Chennai Super Kings vs Mumbai Indians
392228 , Deccan Chargers vs Kolkata Knight Riders
392226 , Delhi Daredevils vs Kings XI Punjab
392224 , Royal Challengers Bangalore vs Chennai Super Kings
392225 , Mumbai Indians vs Rajasthan Royals
392223 , Deccan Chargers vs Delhi Daredevils
392221 , Royal Challengers Bangalore vs Kolkata Knight Riders
392222 , Kings XI Punjab vs Mumbai Indians
392220 , Deccan Chargers vs Rajasthan Royals
392218 , Royal Challengers Bangalore vs Mumbai Indians
392219 , Delhi Daredevils vs Kolkata Knight Riders
392216 , Deccan Chargers vs Kings XI Punjab
392217 , Chennai Super Kings vs Rajasthan Royals
392215 , Delhi Daredevils vs Mumbai Indians
392213 , Royal Challengers Bangalore vs Rajasthan Royals
392214 , Chennai Super Kings vs Kings XI Punjab
392212 , Deccan Chargers vs Mumbai Indians
392210 , Kings XI Punjab vs Rajasthan Royals
392211 , Delhi Daredevils vs Kolkata Knight Riders
392209 , Chennai Super Kings vs Deccan Chargers
392207 , Kings XI Punjab vs Kolkata Knight Riders
392208 , Royal Challengers Bangalore vs Mumbai Indians
392205 , Deccan Chargers vs Rajasthan Royals
392206 , Chennai Super Kings vs Delhi Daredevils
392203 , Kolkata Knight Riders vs Mumbai Indians
392204 , Royal Challengers Bangalore vs Kings XI Punjab
392201 , Deccan Chargers vs Delhi Daredevils
392202 , Chennai Super Kings vs Rajasthan Royals
392199 , Royal Challengers Bangalore vs Kolkata Knight Riders
392200 , Kings XI Punjab vs Mumbai Indians
392198 , Delhi Daredevils vs Rajasthan Royals
392196 , Chennai Super Kings vs Deccan Chargers
392197 , Kolkata Knight Riders vs Mumbai Indians
392194 , Royal Challengers Bangalore vs Delhi Daredevils
392195 , Kings XI Punjab vs Rajasthan Royals
392192 , Deccan Chargers vs Mumbai Indians
392191 , Royal Challengers Bangalore vs Kings XI Punjab
392189 , Chennai Super Kings vs Delhi Daredevils
392190 , Kolkata Knight Riders vs Rajasthan Royals
392188 , Royal Challengers Bangalore vs Deccan Chargers
392186 , Kings XI Punjab vs Kolkata Knight Riders
392185 , Royal Challengers Bangalore vs Chennai Super Kings
392183 , Delhi Daredevils vs Kings XI Punjab
392184 , Deccan Chargers vs Kolkata Knight Riders
392181 , Chennai Super Kings vs Mumbai Indians
392182 , Royal Challengers Bangalore vs Rajasthan Royals
336040 , Chennai Super Kings vs Rajasthan Royals
336039 , Chennai Super Kings vs Kings XI Punjab
336038 , Delhi Daredevils vs Rajasthan Royals
336012 , Royal Challengers Bangalore vs Mumbai Indians
336019 , Kings XI Punjab vs Rajasthan Royals
336037 , Deccan Chargers vs Chennai Super Kings
336036 , Rajasthan Royals vs Mumbai Indians
336002 , Deccan Chargers vs Royal Challengers Bangalore
336035 , Kolkata Knight Riders vs Kings XI Punjab
336032 , Delhi Daredevils vs Mumbai Indians
336033 , Chennai Super Kings vs Rajasthan Royals
336031 , Kings XI Punjab vs Deccan Chargers
336028 , Mumbai Indians vs Kings XI Punjab
336029 , Chennai Super Kings vs Royal Challengers Bangalore
336027 , Kolkata Knight Riders vs Rajasthan Royals
336026 , Royal Challengers Bangalore vs Delhi Daredevils
336024 , Deccan Chargers vs Mumbai Indians
336025 , Kolkata Knight Riders vs Chennai Super Kings
336022 , Delhi Daredevils vs Kings XI Punjab
336023 , Rajasthan Royals vs Royal Challengers Bangalore
336021 , Mumbai Indians vs Kolkata Knight Riders
336020 , Delhi Daredevils vs Deccan Chargers
336018 , Mumbai Indians vs Chennai Super Kings
336017 , Kolkata Knight Riders vs Delhi Daredevils
336016 , Kings XI Punjab vs Royal Challengers Bangalore
336014 , Deccan Chargers vs Kolkata Knight Riders
336015 , Rajasthan Royals vs Delhi Daredevils
336013 , Chennai Super Kings vs Kings XI Punjab
336011 , Rajasthan Royals vs Deccan Chargers
336009 , Delhi Daredevils vs Chennai Super Kings
336010 , Kolkata Knight Riders vs Royal Challengers Bangalore
336008 , Mumbai Indians vs Rajasthan Royals
336007 , Chennai Super Kings vs Deccan Chargers
336006 , Royal Challengers Bangalore vs Kings XI Punjab
336004 , Mumbai Indians vs Delhi Daredevils
336005 , Rajasthan Royals vs Chennai Super Kings
336003 , Kings XI Punjab vs Kolkata Knight Riders
336034 , Royal Challengers Bangalore vs Deccan Chargers
336001 , Chennai Super Kings vs Delhi Daredevils
335999 , Deccan Chargers vs Kings XI Punjab
336000 , Rajasthan Royals vs Kolkata Knight Riders
335998 , Delhi Daredevils vs Royal Challengers Bangalore
335997 , Kolkata Knight Riders vs Mumbai Indians
335996 , Royal Challengers Bangalore vs Chennai Super Kings
335994 , Mumbai Indians vs Deccan Chargers
335995 , Kings XI Punjab vs Delhi Daredevils
335992 , Royal Challengers Bangalore vs Rajasthan Royals
335993 , Chennai Super Kings vs Kolkata Knight Riders
335991 , Kings XI Punjab vs Mumbai Indians
335990 , Deccan Chargers vs Rajasthan Royals
335989 , Chennai Super Kings vs Mumbai Indians
335988 , Deccan Chargers vs Delhi Daredevils
335987 , Rajasthan Royals vs Kings XI Punjab
335985 , Mumbai Indians vs Royal Challengers Bangalore
335986 , Kolkata Knight Riders vs Deccan Chargers
335983 , Kings XI Punjab vs Chennai Super Kings
335984 , Delhi Daredevils vs Rajasthan Royals
335982 , Royal Challengers Bangalore vs Kolkata Knight Riders